[{"model": "auth.permission", "pk": 1, "fields": {"name": "Can add log entry", "content_type": 1, "codename": "add_logentry"}}, {"model": "auth.permission", "pk": 2, "fields": {"name": "Can change log entry", "content_type": 1, "codename": "change_logentry"}}, {"model": "auth.permission", "pk": 3, "fields": {"name": "Can delete log entry", "content_type": 1, "codename": "delete_logentry"}}, {"model": "auth.permission", "pk": 4, "fields": {"name": "Can view log entry", "content_type": 1, "codename": "view_logentry"}}, {"model": "auth.permission", "pk": 5, "fields": {"name": "Can add permission", "content_type": 2, "codename": "add_permission"}}, {"model": "auth.permission", "pk": 6, "fields": {"name": "Can change permission", "content_type": 2, "codename": "change_permission"}}, {"model": "auth.permission", "pk": 7, "fields": {"name": "Can delete permission", "content_type": 2, "codename": "delete_permission"}}, {"model": "auth.permission", "pk": 8, "fields": {"name": "Can view permission", "content_type": 2, "codename": "view_permission"}}, {"model": "auth.permission", "pk": 9, "fields": {"name": "Can add group", "content_type": 3, "codename": "add_group"}}, {"model": "auth.permission", "pk": 10, "fields": {"name": "Can change group", "content_type": 3, "codename": "change_group"}}, {"model": "auth.permission", "pk": 11, "fields": {"name": "Can delete group", "content_type": 3, "codename": "delete_group"}}, {"model": "auth.permission", "pk": 12, "fields": {"name": "Can view group", "content_type": 3, "codename": "view_group"}}, {"model": "auth.permission", "pk": 13, "fields": {"name": "Can add content type", "content_type": 4, "codename": "add_contenttype"}}, {"model": "auth.permission", "pk": 14, "fields": {"name": "Can change content type", "content_type": 4, "codename": "change_contenttype"}}, {"model": "auth.permission", "pk": 15, "fields": {"name": "Can delete content type", "content_type": 4, "codename": "delete_contenttype"}}, {"model": "auth.permission", "pk": 16, "fields": {"name": "Can view content type", "content_type": 4, "codename": "view_contenttype"}}, {"model": "auth.permission", "pk": 17, "fields": {"name": "Can add session", "content_type": 5, "codename": "add_session"}}, {"model": "auth.permission", "pk": 18, "fields": {"name": "Can change session", "content_type": 5, "codename": "change_session"}}, {"model": "auth.permission", "pk": 19, "fields": {"name": "Can delete session", "content_type": 5, "codename": "delete_session"}}, {"model": "auth.permission", "pk": 20, "fields": {"name": "Can view session", "content_type": 5, "codename": "view_session"}}, {"model": "auth.permission", "pk": 21, "fields": {"name": "Can add Token", "content_type": 6, "codename": "add_token"}}, {"model": "auth.permission", "pk": 22, "fields": {"name": "Can change Token", "content_type": 6, "codename": "change_token"}}, {"model": "auth.permission", "pk": 23, "fields": {"name": "Can delete Token", "content_type": 6, "codename": "delete_token"}}, {"model": "auth.permission", "pk": 24, "fields": {"name": "Can view Token", "content_type": 6, "codename": "view_token"}}, {"model": "auth.permission", "pk": 25, "fields": {"name": "Can add token", "content_type": 7, "codename": "add_tokenproxy"}}, {"model": "auth.permission", "pk": 26, "fields": {"name": "Can change token", "content_type": 7, "codename": "change_tokenproxy"}}, {"model": "auth.permission", "pk": 27, "fields": {"name": "Can delete token", "content_type": 7, "codename": "delete_tokenproxy"}}, {"model": "auth.permission", "pk": 28, "fields": {"name": "Can view token", "content_type": 7, "codename": "view_tokenproxy"}}, {"model": "auth.permission", "pk": 29, "fields": {"name": "Can add user", "content_type": 8, "codename": "add_user"}}, {"model": "auth.permission", "pk": 30, "fields": {"name": "Can change user", "content_type": 8, "codename": "change_user"}}, {"model": "auth.permission", "pk": 31, "fields": {"name": "Can delete user", "content_type": 8, "codename": "delete_user"}}, {"model": "auth.permission", "pk": 32, "fields": {"name": "Can view user", "content_type": 8, "codename": "view_user"}}, {"model": "auth.permission", "pk": 33, "fields": {"name": "Can add register", "content_type": 9, "codename": "add_register"}}, {"model": "auth.permission", "pk": 34, "fields": {"name": "Can change register", "content_type": 9, "codename": "change_register"}}, {"model": "auth.permission", "pk": 35, "fields": {"name": "Can delete register", "content_type": 9, "codename": "delete_register"}}, {"model": "auth.permission", "pk": 36, "fields": {"name": "Can view register", "content_type": 9, "codename": "view_register"}}, {"model": "auth.permission", "pk": 37, "fields": {"name": "Can add user family", "content_type": 10, "codename": "add_userfamily"}}, {"model": "auth.permission", "pk": 38, "fields": {"name": "Can change user family", "content_type": 10, "codename": "change_userfamily"}}, {"model": "auth.permission", "pk": 39, "fields": {"name": "Can delete user family", "content_type": 10, "codename": "delete_userfamily"}}, {"model": "auth.permission", "pk": 40, "fields": {"name": "Can view user family", "content_type": 10, "codename": "view_userfamily"}}, {"model": "auth.permission", "pk": 41, "fields": {"name": "Can add user profile", "content_type": 11, "codename": "add_userprofile"}}, {"model": "auth.permission", "pk": 42, "fields": {"name": "Can change user profile", "content_type": 11, "codename": "change_userprofile"}}, {"model": "auth.permission", "pk": 43, "fields": {"name": "Can delete user profile", "content_type": 11, "codename": "delete_userprofile"}}, {"model": "auth.permission", "pk": 44, "fields": {"name": "Can view user profile", "content_type": 11, "codename": "view_userprofile"}}, {"model": "auth.permission", "pk": 45, "fields": {"name": "Can add viewed profile", "content_type": 12, "codename": "add_viewedprofile"}}, {"model": "auth.permission", "pk": 46, "fields": {"name": "Can change viewed profile", "content_type": 12, "codename": "change_viewedprofile"}}, {"model": "auth.permission", "pk": 47, "fields": {"name": "Can delete viewed profile", "content_type": 12, "codename": "delete_viewedprofile"}}, {"model": "auth.permission", "pk": 48, "fields": {"name": "Can view viewed profile", "content_type": 12, "codename": "view_viewedprofile"}}, {"model": "auth.permission", "pk": 49, "fields": {"name": "Can add user profession", "content_type": 13, "codename": "add_userprofession"}}, {"model": "auth.permission", "pk": 50, "fields": {"name": "Can change user profession", "content_type": 13, "codename": "change_userprofession"}}, {"model": "auth.permission", "pk": 51, "fields": {"name": "Can delete user profession", "content_type": 13, "codename": "delete_userprofession"}}, {"model": "auth.permission", "pk": 52, "fields": {"name": "Can view user profession", "content_type": 13, "codename": "view_userprofession"}}, {"model": "auth.permission", "pk": 53, "fields": {"name": "Can add user location", "content_type": 14, "codename": "add_userlocation"}}, {"model": "auth.permission", "pk": 54, "fields": {"name": "Can change user location", "content_type": 14, "codename": "change_userlocation"}}, {"model": "auth.permission", "pk": 55, "fields": {"name": "Can delete user location", "content_type": 14, "codename": "delete_userlocation"}}, {"model": "auth.permission", "pk": 56, "fields": {"name": "Can view user location", "content_type": 14, "codename": "view_userlocation"}}, {"model": "auth.permission", "pk": 57, "fields": {"name": "Can add user image", "content_type": 15, "codename": "add_userimage"}}, {"model": "auth.permission", "pk": 58, "fields": {"name": "Can change user image", "content_type": 15, "codename": "change_userimage"}}, {"model": "auth.permission", "pk": 59, "fields": {"name": "Can delete user image", "content_type": 15, "codename": "delete_userimage"}}, {"model": "auth.permission", "pk": 60, "fields": {"name": "Can view user image", "content_type": 15, "codename": "view_userimage"}}, {"model": "auth.permission", "pk": 61, "fields": {"name": "Can add partner preference", "content_type": 16, "codename": "add_partnerpreference"}}, {"model": "auth.permission", "pk": 62, "fields": {"name": "Can change partner preference", "content_type": 16, "codename": "change_partnerpreference"}}, {"model": "auth.permission", "pk": 63, "fields": {"name": "Can delete partner preference", "content_type": 16, "codename": "delete_partnerpreference"}}, {"model": "auth.permission", "pk": 64, "fields": {"name": "Can view partner preference", "content_type": 16, "codename": "view_partnerpreference"}}, {"model": "auth.permission", "pk": 65, "fields": {"name": "Can add liked profile", "content_type": 17, "codename": "add_likedprofile"}}, {"model": "auth.permission", "pk": 66, "fields": {"name": "Can change liked profile", "content_type": 17, "codename": "change_likedprofile"}}, {"model": "auth.permission", "pk": 67, "fields": {"name": "Can delete liked profile", "content_type": 17, "codename": "delete_likedprofile"}}, {"model": "auth.permission", "pk": 68, "fields": {"name": "Can view liked profile", "content_type": 17, "codename": "view_likedprofile"}}, {"model": "auth.permission", "pk": 69, "fields": {"name": "Can add chat", "content_type": 18, "codename": "add_chat"}}, {"model": "auth.permission", "pk": 70, "fields": {"name": "Can change chat", "content_type": 18, "codename": "change_chat"}}, {"model": "auth.permission", "pk": 71, "fields": {"name": "Can delete chat", "content_type": 18, "codename": "delete_chat"}}, {"model": "auth.permission", "pk": 72, "fields": {"name": "Can view chat", "content_type": 18, "codename": "view_chat"}}, {"model": "auth.permission", "pk": 73, "fields": {"name": "Can add message", "content_type": 19, "codename": "add_message"}}, {"model": "auth.permission", "pk": 74, "fields": {"name": "Can change message", "content_type": 19, "codename": "change_message"}}, {"model": "auth.permission", "pk": 75, "fields": {"name": "Can delete message", "content_type": 19, "codename": "delete_message"}}, {"model": "auth.permission", "pk": 76, "fields": {"name": "Can view message", "content_type": 19, "codename": "view_message"}}, {"model": "auth.permission", "pk": 77, "fields": {"name": "Can add passed profile", "content_type": 20, "codename": "add_passedprofile"}}, {"model": "auth.permission", "pk": 78, "fields": {"name": "Can change passed profile", "content_type": 20, "codename": "change_passedprofile"}}, {"model": "auth.permission", "pk": 79, "fields": {"name": "Can delete passed profile", "content_type": 20, "codename": "delete_passedprofile"}}, {"model": "auth.permission", "pk": 80, "fields": {"name": "Can view passed profile", "content_type": 20, "codename": "view_passedprofile"}}, {"model": "auth.permission", "pk": 81, "fields": {"name": "Can add story", "content_type": 21, "codename": "add_story"}}, {"model": "auth.permission", "pk": 82, "fields": {"name": "Can change story", "content_type": 21, "codename": "change_story"}}, {"model": "auth.permission", "pk": 83, "fields": {"name": "Can delete story", "content_type": 21, "codename": "delete_story"}}, {"model": "auth.permission", "pk": 84, "fields": {"name": "Can view story", "content_type": 21, "codename": "view_story"}}, {"model": "auth.permission", "pk": 85, "fields": {"name": "Can add testimonial", "content_type": 22, "codename": "add_testimonial"}}, {"model": "auth.permission", "pk": 86, "fields": {"name": "Can change testimonial", "content_type": 22, "codename": "change_testimonial"}}, {"model": "auth.permission", "pk": 87, "fields": {"name": "Can delete testimonial", "content_type": 22, "codename": "delete_testimonial"}}, {"model": "auth.permission", "pk": 88, "fields": {"name": "Can view testimonial", "content_type": 22, "codename": "view_testimonial"}}, {"model": "contenttypes.contenttype", "pk": 1, "fields": {"app_label": "admin", "model": "logentry"}}, {"model": "contenttypes.contenttype", "pk": 2, "fields": {"app_label": "auth", "model": "permission"}}, {"model": "contenttypes.contenttype", "pk": 3, "fields": {"app_label": "auth", "model": "group"}}, {"model": "contenttypes.contenttype", "pk": 4, "fields": {"app_label": "contenttypes", "model": "contenttype"}}, {"model": "contenttypes.contenttype", "pk": 5, "fields": {"app_label": "sessions", "model": "session"}}, {"model": "contenttypes.contenttype", "pk": 6, "fields": {"app_label": "authtoken", "model": "token"}}, {"model": "contenttypes.contenttype", "pk": 7, "fields": {"app_label": "authtoken", "model": "tokenproxy"}}, {"model": "contenttypes.contenttype", "pk": 8, "fields": {"app_label": "user", "model": "user"}}, {"model": "contenttypes.contenttype", "pk": 9, "fields": {"app_label": "user", "model": "register"}}, {"model": "contenttypes.contenttype", "pk": 10, "fields": {"app_label": "user", "model": "userfamily"}}, {"model": "contenttypes.contenttype", "pk": 11, "fields": {"app_label": "user", "model": "userprofile"}}, {"model": "contenttypes.contenttype", "pk": 12, "fields": {"app_label": "user", "model": "viewedprofile"}}, {"model": "contenttypes.contenttype", "pk": 13, "fields": {"app_label": "user", "model": "userprofession"}}, {"model": "contenttypes.contenttype", "pk": 14, "fields": {"app_label": "user", "model": "userlocation"}}, {"model": "contenttypes.contenttype", "pk": 15, "fields": {"app_label": "user", "model": "userimage"}}, {"model": "contenttypes.contenttype", "pk": 16, "fields": {"app_label": "user", "model": "partnerpreference"}}, {"model": "contenttypes.contenttype", "pk": 17, "fields": {"app_label": "user", "model": "likedprofile"}}, {"model": "contenttypes.contenttype", "pk": 18, "fields": {"app_label": "user", "model": "chat"}}, {"model": "contenttypes.contenttype", "pk": 19, "fields": {"app_label": "user", "model": "message"}}, {"model": "contenttypes.contenttype", "pk": 20, "fields": {"app_label": "user", "model": "passedprofile"}}, {"model": "contenttypes.contenttype", "pk": 21, "fields": {"app_label": "web", "model": "story"}}, {"model": "contenttypes.contenttype", "pk": 22, "fields": {"app_label": "web", "model": "testimonial"}}, {"model": "sessions.session", "pk": "my7o454lqamkl7z5w0mnsfggrao2bt6v", "fields": {"session_data": ".eJxVjMsOwiAQRf-FtSE8hkdduvcbCMOAVA0kpV0Z_12bdKHbe865LxbittawjbyEmdiZSXb63TCmR247oHtst85Tb-syI98VftDBr53y83K4fwc1jvqtBVkPhnRxQEr4gk7bbHKEaHzxExYvVXK6oLSoAbT0slgQisRkKaFi7w_YQzd4:1nAyqS:LcuIMH3Ogu9ilVK7AMV8w0z1fFP8R3bPfOR9293RfcI", "expire_date": "2022-02-04T18:41:08.879Z"}}, {"model": "sessions.session", "pk": "spmbo04kfh8qgemqoabayk02wo8sw8zs", "fields": {"session_data": ".eJxVjMsOwiAQRf-FtSE8hkdduvcbCMOAVA0kpV0Z_12bdKHbe865LxbittawjbyEmdiZSXb63TCmR247oHtst85Tb-syI98VftDBr53y83K4fwc1jvqtBVkPhnRxQEr4gk7bbHKEaHzxExYvVXK6oLSoAbT0slgQisRkKaFi7w_YQzd4:1nAuO1:VBEzS5VhHtqo_2k_1ZikVFOWiyeEtBw6ClTj8CNPYms", "expire_date": "2022-02-04T13:55:29.611Z"}}, {"model": "authtoken.token", "pk": "45438a318d85d147f9a3f9c9b35805252a73c447", "fields": {"user": 10, "created": "2022-05-30T18:57:05.422Z"}}, {"model": "authtoken.token", "pk": "65248b01e67c35c1af29599018ff54fb54febe52", "fields": {"user": 9, "created": "2022-08-12T06:12:54.850Z"}}, {"model": "authtoken.token", "pk": "7b217fb472a4800ab3388614e4a4917d56ff3a71", "fields": {"user": 8, "created": "2022-08-25T09:34:14.223Z"}}, {"model": "authtoken.token", "pk": "8f66614b1c5832f99b03e504a9135a19456e0def", "fields": {"user": 4, "created": "2022-02-18T11:06:12.269Z"}}, {"model": "authtoken.token", "pk": "b80a49250aa678da409081f1441f244f73ddac75", "fields": {"user": 7, "created": "2022-04-09T19:24:16.537Z"}}, {"model": "authtoken.token", "pk": "bb8c537b12ab91828f56cae9f82b648a624f021a", "fields": {"user": 11, "created": "2022-06-15T04:22:59.573Z"}}, {"model": "authtoken.token", "pk": "d2a0b50e85dc0d44c9a1d16655be190bb4fcf32e", "fields": {"user": 1, "created": "2022-07-05T11:10:02.000Z"}}, {"model": "authtoken.token", "pk": "e1601e183f0df987c202b2d71eb07752c578aa18", "fields": {"user": 13, "created": "2022-08-05T05:36:26.865Z"}}, {"model": "user.register", "pk": 1, "fields": {"profile_for": "brother", "name": "Admin", "mobile_number": "admin@gmail.com1234567891"}}, {"model": "user.register", "pk": 2, "fields": {"profile_for": "Self", "name": "testusermale", "mobile_number": "9876543210"}}, {"model": "user.register", "pk": 3, "fields": {"profile_for": "Self", "name": "testuserfemale", "mobile_number": "9878987653"}}, {"model": "user.register", "pk": 4, "fields": {"profile_for": "Self", "name": "rghdg", "mobile_number": "9048418422"}}, {"model": "user.register", "pk": 5, "fields": {"profile_for": "Friend", "name": "basheer", "mobile_number": "9497293578"}}, {"model": "user.register", "pk": 6, "fields": {"profile_for": "Friend", "name": "basheer", "mobile_number": "7034511088"}}, {"model": "user.register", "pk": 7, "fields": {"profile_for": "Sister", "name": "hfxj", "mobile_number": "87976969969"}}, {"model": "user.register", "pk": 8, "fields": {"profile_for": "Friend", "name": "dfbfs", "mobile_number": "9999999990"}}, {"model": "user.register", "pk": 9, "fields": {"profile_for": "Self", "name": "nevriye", "mobile_number": "00359894823609"}}, {"model": "user.register", "pk": 10, "fields": {"profile_for": "Daughter", "name": "Nizar", "mobile_number": "8592018425"}}, {"model": "user.register", "pk": 11, "fields": {"profile_for": "Son", "name": "Raheem", "mobile_number": "9846503000"}}, {"model": "user.register", "pk": 12, "fields": {"profile_for": "Self", "name": "Swathi", "mobile_number": "9539438918"}}, {"model": "user.register", "pk": 13, "fields": {"profile_for": "Daughter", "name": "Ttt", "mobile_number": "55666666666"}}, {"model": "user.register", "pk": 14, "fields": {"profile_for": "Self", "name": "tfyt", "mobile_number": "78776767766"}}, {"model": "user.register", "pk": 15, "fields": {"profile_for": "Self", "name": "Abdulla", "mobile_number": "9885880330"}}, {"model": "user.register", "pk": 16, "fields": {"profile_for": "Sister", "name": "jyfrtg", "mobile_number": "9995546414"}}, {"model": "user.register", "pk": 17, "fields": {"profile_for": "Self", "name": "Shahil Khan", "mobile_number": "9207218025"}}, {"model": "user.register", "pk": 18, "fields": {"profile_for": "Self", "name": "keralasawaj", "mobile_number": "9988776655"}}, {"model": "user.user", "pk": 1, "fields": {"password": "pbkdf2_sha256$260000$vDNKtHO4vRObNDPDEmWXLe$4ok09fFPSjuYOOr9zMBYMOig9xxOx4cRW3U8BVuOHBc=", "last_login": "2022-01-21T18:41:08.876Z", "is_superuser": true, "email": "admin@gmail.com", "full_name": "", "dob": "2022-01-21", "is_active": true, "is_staff": true, "register": 1, "groups": [], "user_permissions": []}}, {"model": "user.user", "pk": 2, "fields": {"password": "pbkdf2_sha256$260000$VNF449WCFjSeNsyr3tmTxR$jFWkJUNeG8JPVFHRGXRUsXvC97PvTmDZB5FhD63W4Ks=", "last_login": null, "is_superuser": false, "email": "testusermail@gmail.com", "full_name": "testusermale", "dob": "1997-01-25", "is_active": true, "is_staff": false, "register": 2, "groups": [], "user_permissions": []}}, {"model": "user.user", "pk": 3, "fields": {"password": "pbkdf2_sha256$260000$UmCsXTtxQfpOrBmStOYOiE$PcHoD7RykB1WLlkoxplK+Wb2nHrdTmZDCW6XV4DBpp0=", "last_login": null, "is_superuser": false, "email": "testuserfemale@gmail.com", "full_name": "testuserfemale", "dob": "1996-01-24", "is_active": true, "is_staff": false, "register": 3, "groups": [], "user_permissions": []}}, {"model": "user.user", "pk": 4, "fields": {"password": "pbkdf2_sha256$260000$XoLzkylGKZ9rZXLfKCpmE1$55pL/UsI0dZdBnACWObgg1aEbLP34Un5g52aCygEi1o=", "last_login": null, "is_superuser": false, "email": "shahana@gmail.com", "full_name": "sav xz", "dob": "0877-07-04", "is_active": true, "is_staff": false, "register": 4, "groups": [], "user_permissions": []}}, {"model": "user.user", "pk": 5, "fields": {"password": "pbkdf2_sha256$260000$8xY8pjmA9K7jf3ha6Rk06A$DcU5pPgm6VeFTJSnAlFKaEP0sRXyhv63CGZhz5PnHc8=", "last_login": null, "is_superuser": false, "email": "ckbashir@gmail.com", "full_name": "razan", "dob": "1995-03-20", "is_active": true, "is_staff": false, "register": 5, "groups": [], "user_permissions": []}}, {"model": "user.user", "pk": 6, "fields": {"password": "pbkdf2_sha256$260000$UAbOSpoDaIF3PP3yPlhk0s$FojN8qmYR6ogvAjwjssS11oA30pV9lH6sZne1PbfaT0=", "last_login": null, "is_superuser": false, "email": "naswiha@gmail.com", "full_name": "rahaman", "dob": "1998-01-06", "is_active": true, "is_staff": false, "register": 6, "groups": [], "user_permissions": []}}, {"model": "user.user", "pk": 7, "fields": {"password": "pbkdf2_sha256$260000$auF3ztbUC8texZdsONOiBw$+28xp775EvgOWFs/sR0oV0rHeSNXOSeBEAYF1umDYrM=", "last_login": null, "is_superuser": false, "email": "nnevi@abv.bg", "full_name": "nevi", "dob": "1998-10-10", "is_active": true, "is_staff": false, "register": 9, "groups": [], "user_permissions": []}}, {"model": "user.user", "pk": 8, "fields": {"password": "pbkdf2_sha256$260000$PSU6jtlo9ryf9192Ec3dER$N1LG+ozuh/EDWCyCILCwpK2j4Kk/PTg3Yfvc0b7LM04=", "last_login": null, "is_superuser": false, "email": "faisalchangoth@gmail.com", "full_name": "Rayan", "dob": "2022-04-27", "is_active": true, "is_staff": false, "register": 11, "groups": [], "user_permissions": []}}, {"model": "user.user", "pk": 9, "fields": {"password": "pbkdf2_sha256$260000$uhD1p87U8Aiel8lloSW1jb$MPi56rcZ1kECNZvhaWMA8DtmxgImztizUfNoGw6wLt0=", "last_login": null, "is_superuser": false, "email": "mkswathisuresh@gmail.com", "full_name": "Swathi Suresh M K", "dob": "2001-02-11", "is_active": true, "is_staff": false, "register": 12, "groups": [], "user_permissions": []}}, {"model": "user.user", "pk": 10, "fields": {"password": "pbkdf2_sha256$260000$v2TzeB3Auj0egHmb8TpMFv$3FUYaRfL4sxPUfdMuhHt0zEfNSN7It86BKcVsngXNsg=", "last_login": null, "is_superuser": false, "email": "tifeci4385@about27.com", "full_name": "Abdulla", "dob": "1988-08-05", "is_active": true, "is_staff": false, "register": 15, "groups": [], "user_permissions": []}}, {"model": "user.user", "pk": 11, "fields": {"password": "pbkdf2_sha256$260000$KPQ8wELN2oMahB6WgXDIKV$znY2b3XxPQSfy+2KIf8bcm8pbjDdqbNP2sVGx2yqJ3E=", "last_login": null, "is_superuser": false, "email": "edwfe@gmail.com", "full_name": "wqdfw", "dob": "1996-11-10", "is_active": true, "is_staff": false, "register": 16, "groups": [], "user_permissions": []}}, {"model": "user.user", "pk": 12, "fields": {"password": "pbkdf2_sha256$260000$cd1lTYRAZ8qkDrQsh7d9lf$zI0Y+I4EuYGWQGwb6y53HaTPV8gxMIeF9041xKDkFIU=", "last_login": null, "is_superuser": false, "email": "shahilkhanarimbra@gmail.com", "full_name": "Shahil Khan", "dob": "1999-02-09", "is_active": true, "is_staff": false, "register": 17, "groups": [], "user_permissions": []}}, {"model": "user.user", "pk": 13, "fields": {"password": "pbkdf2_sha256$260000$CIP8sqCCrBMuyA1A2iBpdW$DauaKlN4YG0ICQdPe2CI1ffv61H+WoBvN4RUXI3crSI=", "last_login": null, "is_superuser": false, "email": "keralazawaj_2022@gmail.com", "full_name": "Kerala Zawaj", "dob": "1999-01-12", "is_active": true, "is_staff": false, "register": 18, "groups": [], "user_permissions": []}}, {"model": "user.userprofile", "pk": 1, "fields": {"no_of_children": 0, "bismID": "BISM1002", "height": 156, "gender": "Male", "weight": 50, "community": "Sunni (EK)", "status": "Never Married", "bodyType": "slim", "physical_status": "Sound/Normal", "motherTongue": "malayalam", "language_known": "Tamil,Hindi", "smoking": "No", "drinking": "No", "readQuran": "Only Friday", "islamic_services": "No", "complexion": "Extremely fair skin", "perform_namaz": "Always", "fasting": "Only in Ramadan", "user": 2, "register": 2}}, {"model": "user.userprofile", "pk": 2, "fields": {"no_of_children": 0, "bismID": "BISM1003", "height": 60, "gender": "Female", "weight": 30, "community": "AMuslim", "status": "Never Married", "bodyType": "slim", "physical_status": "Sound/Normal", "motherTongue": "malayalam", "language_known": "", "smoking": "", "drinking": "", "readQuran": "Always", "islamic_services": "Yes", "complexion": "Medium skin", "perform_namaz": "Always", "fasting": "Always", "user": 3, "register": 3}}, {"model": "user.userprofile", "pk": 3, "fields": {"no_of_children": 0, "bismID": "BISM1004", "height": 60, "gender": "Male", "weight": 30, "community": "AMuslim", "status": "Never Married", "bodyType": "slim", "physical_status": "Sound/Normal", "motherTongue": "dryfbnc", "language_known": "", "smoking": "", "drinking": "Yes", "readQuran": "Always", "islamic_services": "Yes", "complexion": "Medium skin", "perform_namaz": "Always", "fasting": "Always", "user": 4, "register": 4}}, {"model": "user.userprofile", "pk": 4, "fields": {"no_of_children": 0, "bismID": "BISM1005", "height": 60, "gender": "Male", "weight": 42, "community": "AMuslim", "status": "Never Married", "bodyType": "slim", "physical_status": "Sound/Normal", "motherTongue": "malayalam", "language_known": "Malayalam", "smoking": "", "drinking": "No", "readQuran": "Always", "islamic_services": "Yes", "complexion": "Medium skin", "perform_namaz": "Always", "fasting": "Always", "user": 5, "register": 5}}, {"model": "user.userprofile", "pk": 5, "fields": {"no_of_children": 0, "bismID": "BISM1006", "height": 60, "gender": "Male", "weight": 30, "community": "AMuslim", "status": "Never Married", "bodyType": "slim", "physical_status": "Sound/Normal", "motherTongue": "malayalam", "language_known": "", "smoking": "", "drinking": "", "readQuran": "Always", "islamic_services": "Yes", "complexion": "Medium skin", "perform_namaz": "Always", "fasting": "Always", "user": 6, "register": 6}}, {"model": "user.userprofile", "pk": 6, "fields": {"no_of_children": 0, "bismID": "BISM1007", "height": 60, "gender": "Female", "weight": 57, "community": "AMuslim", "status": "Never Married", "bodyType": "slim", "physical_status": "Sound/Normal", "motherTongue": "Turkish", "language_known": "ingilizce", "smoking": "No", "drinking": "No", "readQuran": "Only Friday", "islamic_services": "Yes", "complexion": "Fair skin", "perform_namaz": "Always", "fasting": "Always", "user": 7, "register": 9}}, {"model": "user.userprofile", "pk": 7, "fields": {"no_of_children": 0, "bismID": "BISM1008", "height": 60, "gender": "Male", "weight": 30, "community": "AMuslim", "status": "Never Married", "bodyType": "slim", "physical_status": "Sound/Normal", "motherTongue": "Malayalam", "language_known": "", "smoking": "No", "drinking": "No", "readQuran": "Always", "islamic_services": "Yes", "complexion": "Medium skin", "perform_namaz": "Always", "fasting": "Always", "user": 8, "register": 11}}, {"model": "user.userprofile", "pk": 8, "fields": {"no_of_children": 0, "bismID": "BISM1009", "height": 154, "gender": "Female", "weight": 60, "community": "Sunni", "status": "Never Married", "bodyType": "Normal", "physical_status": "Sound/Normal", "motherTongue": "Malayalam", "language_known": "Malayalam,Tamil,Hindi,English", "smoking": "Occasionally", "drinking": "Occasionally", "readQuran": "Never", "islamic_services": "No", "complexion": "Medium skin", "perform_namaz": "Always", "fasting": "Never", "user": 9, "register": 12}}, {"model": "user.userprofile", "pk": 9, "fields": {"no_of_children": 0, "bismID": "BISM1010", "height": 60, "gender": "Male", "weight": 30, "community": "AMuslim", "status": "Never Married", "bodyType": "slim", "physical_status": "Sound/Normal", "motherTongue": "Hindi", "language_known": "Hindi,English", "smoking": "No", "drinking": "No", "readQuran": "Sometimes", "islamic_services": "Yes", "complexion": "Medium skin", "perform_namaz": "Sometimes", "fasting": "Only in Ramadan", "user": 10, "register": 15}}, {"model": "user.userprofile", "pk": 10, "fields": {"no_of_children": 0, "bismID": "BISM1011", "height": 60, "gender": "Male", "weight": 30, "community": "AMuslim", "status": "Never Married", "bodyType": "slim", "physical_status": "Sound/Normal", "motherTongue": "malayalam", "language_known": "", "smoking": "", "drinking": "", "readQuran": "Always", "islamic_services": "Yes", "complexion": "Medium skin", "perform_namaz": "Always", "fasting": "Always", "user": 11, "register": 16}}, {"model": "user.userprofile", "pk": 11, "fields": {"no_of_children": 0, "bismID": "BISM1012", "height": 170, "gender": "Male", "weight": 65, "community": "AMuslim", "status": "Never Married", "bodyType": "slim", "physical_status": "Sound/Normal", "motherTongue": "Malayalam", "language_known": "Malayalam,Tamil,Hindi,Arabic,English", "smoking": "No", "drinking": "No", "readQuran": "Always", "islamic_services": "Yes", "complexion": "Fair skin", "perform_namaz": "Always", "fasting": "Always", "user": 12, "register": 17}}, {"model": "user.userprofile", "pk": 12, "fields": {"no_of_children": 0, "bismID": "BISM1013", "height": 79, "gender": "Male", "weight": 46, "community": "AMuslim", "status": "Never Married", "bodyType": "slim", "physical_status": "Sound/Normal", "motherTongue": "Malayalam", "language_known": "", "smoking": "", "drinking": "", "readQuran": "Always", "islamic_services": "Yes", "complexion": "Medium skin", "perform_namaz": "Always", "fasting": "Always", "user": 13, "register": 18}}, {"model": "user.userprofession", "pk": 1, "fields": {"highestEducation": "Masters", "profession": "BAMS", "working_with": "PrivateSector", "working_as": "Parttime", "annual_income": "2 lakh per/annum", "user": 2, "register": 2, "user_profile": 1}}, {"model": "user.userprofession", "pk": 2, "fields": {"highestEducation": "Bachelors", "profession": "BDS", "working_with": "NotWorking", "working_as": "NotWorking", "annual_income": "2 lakh per/annum", "user": 3, "register": 3, "user_profile": 2}}, {"model": "user.userprofession", "pk": 3, "fields": {"highestEducation": "Masters", "profession": "MBBS", "working_with": "", "working_as": "", "annual_income": null, "user": 4, "register": 4, "user_profile": 3}}, {"model": "user.userprofession", "pk": 4, "fields": {"highestEducation": "Masters", "profession": "MBBS", "working_with": "", "working_as": "", "annual_income": null, "user": 5, "register": 5, "user_profile": 4}}, {"model": "user.userprofession", "pk": 5, "fields": {"highestEducation": "Masters", "profession": "MBBS", "working_with": "", "working_as": "", "annual_income": null, "user": 6, "register": 6, "user_profile": 5}}, {"model": "user.userprofession", "pk": 6, "fields": {"highestEducation": "High School", "profession": "High School", "working_with": "Other", "working_as": "", "annual_income": null, "user": 7, "register": 9, "user_profile": 6}}, {"model": "user.userprofession", "pk": 7, "fields": {"highestEducation": "Masters", "profession": "MBBS", "working_with": "PrivateSector", "working_as": "Doctor", "annual_income": "10 lakh per/annum", "user": 8, "register": 11, "user_profile": 7}}, {"model": "user.userprofession", "pk": 8, "fields": {"highestEducation": "Bachelors", "profession": "B.Sc in Computer Science", "working_with": "PrivateSector", "working_as": "Softwaredeveloper", "annual_income": "2 lakh per/annum", "user": 9, "register": 12, "user_profile": 8}}, {"model": "user.userprofession", "pk": 9, "fields": {"highestEducation": "Bachelors", "profession": "B.Tech", "working_with": "PrivateSector", "working_as": "Softwaredeveloper", "annual_income": "15 lakh per/annum", "user": 10, "register": 15, "user_profile": 9}}, {"model": "user.userprofession", "pk": 10, "fields": {"highestEducation": "Masters", "profession": "MBBS", "working_with": "", "working_as": "", "annual_income": null, "user": 11, "register": 16, "user_profile": 10}}, {"model": "user.userprofession", "pk": 11, "fields": {"highestEducation": "Bachelors", "profession": "B.Sc in Computer Science", "working_with": "PrivateSector", "working_as": "Softwaredeveloper", "annual_income": "2 lakh per/annum", "user": 12, "register": 17, "user_profile": 11}}, {"model": "user.userprofession", "pk": 12, "fields": {"highestEducation": "Doctorate", "profession": "B.A History", "working_with": "PrivateSector", "working_as": "Administrator", "annual_income": "2 lakh per/annum", "user": 13, "register": 18, "user_profile": 12}}, {"model": "user.userfamily", "pk": 1, "fields": {"familyType": "Nuclear Family", "relegion": "Not religious", "fatherOccupation": "Other", "motherOccupation": "Other", "numberof_brothers": 2, "numberof_sisters": 4, "family_status": "Middle class", "user": 2, "register": 2, "user_profile": 1, "user_profession": 1}}, {"model": "user.userfamily", "pk": 2, "fields": {"familyType": "Nuclear Family", "relegion": "Very religious", "fatherOccupation": "Private", "motherOccupation": "House Wife", "numberof_brothers": 0, "numberof_sisters": 0, "family_status": "Rich", "user": 3, "register": 3, "user_profile": 2, "user_profession": 2}}, {"model": "user.userfamily", "pk": 3, "fields": {"familyType": "Nuclear Family", "relegion": "Very religious", "fatherOccupation": "Private", "motherOccupation": "House Wife", "numberof_brothers": 0, "numberof_sisters": 0, "family_status": "Upper middle class", "user": 4, "register": 4, "user_profile": 3, "user_profession": 3}}, {"model": "user.userfamily", "pk": 4, "fields": {"familyType": "Nuclear Family", "relegion": "Very religious", "fatherOccupation": "Private", "motherOccupation": "House Wife", "numberof_brothers": 2, "numberof_sisters": 2, "family_status": "Rich", "user": 5, "register": 5, "user_profile": 4, "user_profession": 4}}, {"model": "user.userfamily", "pk": 5, "fields": {"familyType": "Nuclear Family", "relegion": "Very religious", "fatherOccupation": "Private", "motherOccupation": "House Wife", "numberof_brothers": 2, "numberof_sisters": 2, "family_status": "Upper middle class", "user": 6, "register": 6, "user_profile": 5, "user_profession": 5}}, {"model": "user.userfamily", "pk": 6, "fields": {"familyType": "Joint Family", "relegion": "Very religious", "fatherOccupation": "Private", "motherOccupation": "House Wife", "numberof_brothers": 0, "numberof_sisters": 0, "family_status": "Poor", "user": 7, "register": 9, "user_profile": 6, "user_profession": 6}}, {"model": "user.userfamily", "pk": 7, "fields": {"familyType": "Nuclear Family", "relegion": "Very religious", "fatherOccupation": "Private", "motherOccupation": "House Wife", "numberof_brothers": 2, "numberof_sisters": 2, "family_status": "Middle class", "user": 8, "register": 11, "user_profile": 7, "user_profession": 7}}, {"model": "user.userfamily", "pk": 8, "fields": {"familyType": "Nuclear Family", "relegion": "Liberal", "fatherOccupation": "Private", "motherOccupation": "House Wife", "numberof_brothers": 4, "numberof_sisters": 0, "family_status": "Middle class", "user": 9, "register": 12, "user_profile": 8, "user_profession": 8}}, {"model": "user.userfamily", "pk": 9, "fields": {"familyType": "Nuclear Family", "relegion": "Religious", "fatherOccupation": "Self Employed", "motherOccupation": "House Wife", "numberof_brothers": 0, "numberof_sisters": 0, "family_status": "Middle class", "user": 10, "register": 15, "user_profile": 9, "user_profession": 9}}, {"model": "user.userfamily", "pk": 10, "fields": {"familyType": "Nuclear Family", "relegion": "Very religious", "fatherOccupation": "Private", "motherOccupation": "House Wife", "numberof_brothers": 0, "numberof_sisters": 0, "family_status": "Upper middle class", "user": 11, "register": 16, "user_profile": 10, "user_profession": 10}}, {"model": "user.userfamily", "pk": 11, "fields": {"familyType": "Nuclear Family", "relegion": "Religious", "fatherOccupation": "Business", "motherOccupation": "Home Maker", "numberof_brothers": 2, "numberof_sisters": 0, "family_status": "Middle class", "user": 12, "register": 17, "user_profile": 11, "user_profession": 11}}, {"model": "user.userfamily", "pk": 12, "fields": {"familyType": "Nuclear Family", "relegion": "Very religious", "fatherOccupation": "Private", "motherOccupation": "House Wife", "numberof_brothers": 0, "numberof_sisters": 0, "family_status": "Middle class", "user": 13, "register": 18, "user_profile": 12, "user_profession": 12}}, {"model": "user.userlocation", "pk": 1, "fields": {"current_home_name": "testplace", "current_city": "calicut", "current_locality": "ramanattukkara", "home_name": "testplace", "native_city": "calicut", "native_locality": "ramanattukkara", "primary_number": "+919876543210", "secondary_number": "+919837368822", "preffered_person": "testmale", "relation": "Self", "phone_number": "9876543210", "about": "djdlsosnk loorjakddkn kldasdalkdjdioejnd jdnnjeiwsnj jksjmsklaosj", "pincode": "673634", "user": 2, "register": 2, "user_profile": 1, "user_profession": 1, "user_family": 1}}, {"model": "user.userlocation", "pk": 2, "fields": {"current_home_name": "kondotty", "current_city": "malappuram", "current_locality": "kondotty", "home_name": "kondotty", "native_city": "malappuram", "native_locality": "kondotty", "primary_number": "+919876543210", "secondary_number": "+91456465466", "preffered_person": "testmale", "relation": "Sister", "phone_number": "2213131", "about": "dasdasd dasdasdasdd jhdkjahdkkohdkjb uhdhshas", "pincode": "13123", "user": 3, "register": 3, "user_profile": 2, "user_profession": 2, "user_family": 2}}, {"model": "user.userlocation", "pk": 3, "fields": {"current_home_name": "xdrghcfh", "current_city": "gfc", "current_locality": "drhfc", "home_name": "dgdx", "native_city": "Calicut", "native_locality": "dhdfs", "primary_number": "+91", "secondary_number": "+91", "preffered_person": "", "relation": "", "phone_number": "07356 978602", "about": "dfhdfh", "pincode": "673637", "user": 4, "register": 4, "user_profile": 3, "user_profession": 3, "user_family": 3}}, {"model": "user.userlocation", "pk": 4, "fields": {"current_home_name": "ck house", "current_city": "calicut", "current_locality": "cherapuram", "home_name": "ck house", "native_city": "calicut", "native_locality": "cherapuram", "primary_number": "+91", "secondary_number": "+91", "preffered_person": "", "relation": "", "phone_number": "", "about": "i am very worth", "pincode": "673507", "user": 5, "register": 5, "user_profile": 4, "user_profession": 4, "user_family": 4}}, {"model": "user.userlocation", "pk": 5, "fields": {"current_home_name": "ck house", "current_city": "kozikode", "current_locality": "ayanchery", "home_name": "ck house", "native_city": "kozikode", "native_locality": "ayanchery", "primary_number": "+919497293578", "secondary_number": "+91", "preffered_person": "", "relation": "", "phone_number": "", "about": "i am a boy", "pincode": "673507", "user": 6, "register": 6, "user_profile": 5, "user_profession": 5, "user_family": 5}}, {"model": "user.userlocation", "pk": 6, "fields": {"current_home_name": "none", "current_city": "none", "current_locality": "none", "home_name": "Bulgaria", "native_city": "Sofia", "native_locality": "Sofia", "primary_number": "00359894823609", "secondary_number": "", "preffered_person": "", "relation": "Parent", "phone_number": "", "about": "im muslim turkish grl serious for helal marriage", "pincode": "1000", "user": 7, "register": 9, "user_profile": 6, "user_profession": 6, "user_family": 6}}, {"model": "user.userlocation", "pk": 7, "fields": {"current_home_name": "Changoth", "current_city": "Vadakara", "current_locality": "Cherapuram", "home_name": "Changoth", "native_city": "Kozhikode", "native_locality": "Cherapuram", "primary_number": "+919497293578", "secondary_number": "+91", "preffered_person": "", "relation": "", "phone_number": "", "about": "I am a boy", "pincode": "673507", "user": 8, "register": 11, "user_profile": 7, "user_profession": 7, "user_family": 7}}, {"model": "user.userlocation", "pk": 8, "fields": {"current_home_name": "Syamanthakam", "current_city": "Calicut", "current_locality": "Kunnamangalam", "home_name": "Syamanthakam", "native_city": "Calicut", "native_locality": "Kunnamangalam", "primary_number": "+919539438918", "secondary_number": "+9195676400965", "preffered_person": "Friend", "relation": "Self", "phone_number": "9539438918", "about": "I am beautiful girl", "pincode": "673571", "user": 9, "register": 12, "user_profile": 8, "user_profession": 8, "user_family": 8}}, {"model": "user.userlocation", "pk": 9, "fields": {"current_home_name": "Abdulla", "current_city": "EPSA", "current_locality": "EPSA", "home_name": "Abdulla", "native_city": "EPSA", "native_locality": "EPSA", "primary_number": "+919885880330", "secondary_number": "+919885880330", "preffered_person": "Abdulla", "relation": "Self", "phone_number": "9885880330", "about": "Abdulla", "pincode": "658458", "user": 10, "register": 15, "user_profile": 9, "user_profession": 9, "user_family": 9}}, {"model": "user.userlocation", "pk": 10, "fields": {"current_home_name": "gjfg", "current_city": "dfjgf", "current_locality": "dfzhdz", "home_name": "fhfzsdh", "native_city": "kochf", "native_locality": "dfh", "primary_number": "+91", "secondary_number": "+91", "preffered_person": "", "relation": "", "phone_number": "", "about": "cxjgfckcykghckm", "pincode": "08978", "user": 11, "register": 16, "user_profile": 10, "user_profession": 10, "user_family": 10}}, {"model": "user.userlocation", "pk": 11, "fields": {"current_home_name": "kurikkanmar kandi house", "current_city": "Malappuram", "current_locality": "Kondotty", "home_name": "kurikkanmar kandi house", "native_city": "Malappuram", "native_locality": "Kondotty", "primary_number": "+91 9207218025", "secondary_number": "+91 9207218025", "preffered_person": "Syamjith Babu", "relation": "Friend", "phone_number": "9526567723", "about": "Good person\r\nSingle ready to mingle", "pincode": "673638", "user": 12, "register": 17, "user_profile": 11, "user_profession": 11, "user_family": 11}}, {"model": "user.userlocation", "pk": 40, "fields": {"current_home_name": "kurikkanmar kandi house", "current_city": "Malappuram", "current_locality": "Kondotty", "home_name": "kurikkanmar kandi house", "native_city": "Malappuram", "native_locality": "Kondotty", "primary_number": "+91 9207218025", "secondary_number": "+91", "preffered_person": "", "relation": "", "phone_number": "", "about": "Good person", "pincode": "673638", "user": 13, "register": 18, "user_profile": 12, "user_profession": 12, "user_family": 12}}, {"model": "user.userimage", "pk": 1, "fields": {"date": "2022-01-21", "image_one": "userimage/user-5.jpg", "image_one_ppoi": "0.5x0.5", "image_two": "default.jpg", "image_two_ppoi": "0.5x0.5", "image_three": "default.jpg", "image_three_ppoi": "0.5x0.5", "is_verified": false, "user": 2, "register": 2, "user_profile": 1, "user_location": 1, "user_profession": 1, "user_family": 1}}, {"model": "user.userimage", "pk": 3, "fields": {"date": "2022-01-21", "image_one": "userimage/comment-1.jpg", "image_one_ppoi": "0.5x0.5", "image_two": "userimage/comment-1_NvbgPe7.jpg", "image_two_ppoi": "0.5x0.5", "image_three": "userimage/client-2.jpg", "image_three_ppoi": "0.5x0.5", "is_verified": false, "user": 3, "register": 3, "user_profile": 2, "user_location": 2, "user_profession": 2, "user_family": 2}}, {"model": "user.userimage", "pk": 5, "fields": {"date": "2022-01-22", "image_one": "userimage/45075.png", "image_one_ppoi": "0.5x0.5", "image_two": "userimage/45075_TBMshrh.png", "image_two_ppoi": "0.5x0.5", "image_three": "default.jpg", "image_three_ppoi": "0.5x0.5", "is_verified": false, "user": 4, "register": 4, "user_profile": 3, "user_location": 3, "user_profession": 3, "user_family": 3}}, {"model": "user.userimage", "pk": 7, "fields": {"date": "2022-01-25", "image_one": "userimage/images_wip78no.jpeg", "image_one_ppoi": "0.5x0.5", "image_two": "userimage/images_1xvDPA7.jpeg", "image_two_ppoi": "0.5x0.5", "image_three": "userimage/images_ui0nful.jpeg", "image_three_ppoi": "0.5x0.5", "is_verified": false, "user": 5, "register": 5, "user_profile": 4, "user_location": 4, "user_profession": 4, "user_family": 4}}, {"model": "user.userimage", "pk": 9, "fields": {"date": "2022-01-25", "image_one": "default.jpg", "image_one_ppoi": "0.5x0.5", "image_two": "default.jpg", "image_two_ppoi": "0.5x0.5", "image_three": "default.jpg", "image_three_ppoi": "0.5x0.5", "is_verified": false, "user": 6, "register": 6, "user_profile": 5, "user_location": 5, "user_profession": 5, "user_family": 5}}, {"model": "user.userimage", "pk": 10, "fields": {"date": "2022-04-09", "image_one": "default.jpg", "image_one_ppoi": "0.5x0.5", "image_two": "default.jpg", "image_two_ppoi": "0.5x0.5", "image_three": "default.jpg", "image_three_ppoi": "0.5x0.5", "is_verified": false, "user": 7, "register": 9, "user_profile": 6, "user_location": 6, "user_profession": 6, "user_family": 6}}, {"model": "user.userimage", "pk": 11, "fields": {"date": "2022-04-27", "image_one": "userimage/16510540773716007457081086030728.jpg", "image_one_ppoi": "0.5x0.5", "image_two": "default.jpg", "image_two_ppoi": "0.5x0.5", "image_three": "default.jpg", "image_three_ppoi": "0.5x0.5", "is_verified": false, "user": 8, "register": 11, "user_profile": 7, "user_location": 7, "user_profession": 7, "user_family": 7}}, {"model": "user.userimage", "pk": 13, "fields": {"date": "2022-05-05", "image_one": "default.jpg", "image_one_ppoi": "0.5x0.5", "image_two": "default.jpg", "image_two_ppoi": "0.5x0.5", "image_three": "default.jpg", "image_three_ppoi": "0.5x0.5", "is_verified": false, "user": 9, "register": 12, "user_profile": 8, "user_location": 8, "user_profession": 8, "user_family": 8}}, {"model": "user.userimage", "pk": 15, "fields": {"date": "2022-05-30", "image_one": "default.jpg", "image_one_ppoi": "0.5x0.5", "image_two": "default.jpg", "image_two_ppoi": "0.5x0.5", "image_three": "default.jpg", "image_three_ppoi": "0.5x0.5", "is_verified": false, "user": 10, "register": 15, "user_profile": 9, "user_location": 9, "user_profession": 9, "user_family": 9}}, {"model": "user.userimage", "pk": 50, "fields": {"date": "2022-08-05", "image_one": "default.jpg", "image_one_ppoi": "0.5x0.5", "image_two": "default.jpg", "image_two_ppoi": "0.5x0.5", "image_three": "default.jpg", "image_three_ppoi": "0.5x0.5", "is_verified": false, "user": 12, "register": 17, "user_profile": 11, "user_location": 11, "user_profession": 11, "user_family": 11}}, {"model": "user.userimage", "pk": 51, "fields": {"date": "2022-08-05", "image_one": "default.jpg", "image_one_ppoi": "0.5x0.5", "image_two": "default.jpg", "image_two_ppoi": "0.5x0.5", "image_three": "default.jpg", "image_three_ppoi": "0.5x0.5", "is_verified": false, "user": 13, "register": 18, "user_profile": 12, "user_location": 40, "user_profession": 12, "user_family": 12}}, {"model": "user.partnerpreference", "pk": 1, "fields": {"age_from": -25, "age_to": 30, "marital_status": "", "height_from": 254, "height_to": 260, "complexion": null, "highestEducation": "Masters", "profession": "", "community": "AMuslim", "location": "", "body_type": "", "user": 5, "register": 5, "user_profile": 4, "user_location": 4, "user_profession": 4, "user_family": 4}}, {"model": "user.partnerpreference", "pk": 2, "fields": {"age_from": 20, "age_to": 28, "marital_status": "Never Married", "height_from": 96, "height_to": 173, "complexion": "Fair skin", "highestEducation": "Masters", "profession": "", "community": "AMuslim", "location": "", "body_type": "slim", "user": 6, "register": 6, "user_profile": 5, "user_location": 5, "user_profession": 5, "user_family": 5}}, {"model": "user.likedprofile", "pk": 1, "fields": {"liked_by_user": 3, "liked_user": 1}}, {"model": "user.likedprofile", "pk": 4, "fields": {"liked_by_user": 4, "liked_user": 2}}, {"model": "user.likedprofile", "pk": 5, "fields": {"liked_by_user": 6, "liked_user": 2}}, {"model": "user.likedprofile", "pk": 6, "fields": {"liked_by_user": 6, "liked_user": 6}}, {"model": "user.likedprofile", "pk": 12, "fields": {"liked_by_user": 9, "liked_user": 1}}, {"model": "user.likedprofile", "pk": 13, "fields": {"liked_by_user": 9, "liked_user": 3}}, {"model": "user.likedprofile", "pk": 15, "fields": {"liked_by_user": 9, "liked_user": 7}}, {"model": "user.likedprofile", "pk": 19, "fields": {"liked_by_user": 8, "liked_user": 8}}, {"model": "user.likedprofile", "pk": 20, "fields": {"liked_by_user": 12, "liked_user": 2}}, {"model": "user.likedprofile", "pk": 21, "fields": {"liked_by_user": 12, "liked_user": 8}}, {"model": "user.passedprofile", "pk": 8, "fields": {"passed_by_user": 5, "passed_user": 2}}, {"model": "user.passedprofile", "pk": 13, "fields": {"passed_by_user": 7, "passed_user": 1}}, {"model": "user.passedprofile", "pk": 14, "fields": {"passed_by_user": 7, "passed_user": 3}}, {"model": "user.passedprofile", "pk": 15, "fields": {"passed_by_user": 7, "passed_user": 4}}, {"model": "user.passedprofile", "pk": 129, "fields": {"passed_by_user": 8, "passed_user": 2}}, {"model": "user.passedprofile", "pk": 130, "fields": {"passed_by_user": 8, "passed_user": 6}}, {"model": "user.passedprofile", "pk": 134, "fields": {"passed_by_user": 12, "passed_user": 2}}, {"model": "user.passedprofile", "pk": 135, "fields": {"passed_by_user": 12, "passed_user": 6}}, {"model": "user.passedprofile", "pk": 136, "fields": {"passed_by_user": 9, "passed_user": 1}}, {"model": "user.passedprofile", "pk": 137, "fields": {"passed_by_user": 9, "passed_user": 3}}, {"model": "user.passedprofile", "pk": 138, "fields": {"passed_by_user": 9, "passed_user": 4}}, {"model": "user.passedprofile", "pk": 139, "fields": {"passed_by_user": 9, "passed_user": 5}}, {"model": "user.passedprofile", "pk": 140, "fields": {"passed_by_user": 9, "passed_user": 7}}, {"model": "user.chat", "pk": 1, "fields": {"roome_name": "BISM1004BISM1003", "chat_user_one": 4, "chat_user_two": 3, "lastUpdated": "2022-05-16T06:00:29.659Z"}}, {"model": "user.chat", "pk": 2, "fields": {"roome_name": "BISM1007BISM1002", "chat_user_one": 7, "chat_user_two": 2, "lastUpdated": "2022-04-09T19:32:25.046Z"}}, {"model": "user.chat", "pk": 3, "fields": {"roome_name": "BISM1006BISM1003", "chat_user_one": 6, "chat_user_two": 3, "lastUpdated": "2022-04-18T14:54:08.832Z"}}, {"model": "user.chat", "pk": 4, "fields": {"roome_name": "BISM1008BISM1003", "chat_user_one": 8, "chat_user_two": 3, "lastUpdated": "2022-04-27T14:01:18.226Z"}}, {"model": "user.chat", "pk": 5, "fields": {"roome_name": "BISM1009BISM1002", "chat_user_one": 9, "chat_user_two": 2, "lastUpdated": "2022-08-18T04:49:12.319Z"}}, {"model": "user.chat", "pk": 6, "fields": {"roome_name": "BISM1009BISM1008", "chat_user_one": 9, "chat_user_two": 8, "lastUpdated": "2022-05-05T05:09:27.403Z"}}, {"model": "user.chat", "pk": 7, "fields": {"roome_name": "BISM1004BISM1009", "chat_user_one": 4, "chat_user_two": 9, "lastUpdated": "2022-05-16T05:57:00.367Z"}}, {"model": "user.chat", "pk": 8, "fields": {"roome_name": "BISM1012BISM1003", "chat_user_one": 12, "chat_user_two": 3, "lastUpdated": "2022-08-05T04:54:10.877Z"}}, {"model": "user.chat", "pk": 9, "fields": {"roome_name": "BISM1012BISM1009", "chat_user_one": 12, "chat_user_two": 9, "lastUpdated": "2022-08-12T10:11:30.146Z"}}, {"model": "user.chat", "pk": 10, "fields": {"roome_name": "BISM1009BISM1010", "chat_user_one": 9, "chat_user_two": 10, "lastUpdated": "2022-08-24T04:45:06.021Z"}}, {"model": "user.message", "pk": 1, "fields": {"chat": 1, "user": 4, "message": "hi", "time": "17:03:27.266"}}, {"model": "user.message", "pk": 2, "fields": {"chat": 1, "user": 4, "message": "regr", "time": "17:05:13.688"}}, {"model": "user.message", "pk": 3, "fields": {"chat": 1, "user": 4, "message": "dfjdfgjkgfymfh", "time": "17:05:24.650"}}, {"model": "user.message", "pk": 4, "fields": {"chat": 1, "user": 4, "message": "yhjkghmk", "time": "17:05:28.879"}}, {"model": "user.message", "pk": 5, "fields": {"chat": 1, "user": 4, "message": "hj", "time": "17:05:42.175"}}, {"model": "user.message", "pk": 6, "fields": {"chat": 1, "user": 4, "message": "dfsdfdd", "time": "17:06:39.331"}}, {"model": "user.message", "pk": 7, "fields": {"chat": 1, "user": 4, "message": "jsjsjshs", "time": "11:06:31.100"}}, {"model": "user.message", "pk": 8, "fields": {"chat": 1, "user": 4, "message": "Hshs", "time": "11:06:35.218"}}, {"model": "user.message", "pk": 9, "fields": {"chat": 2, "user": 7, "message": "hi", "time": "19:32:25.048"}}, {"model": "user.message", "pk": 10, "fields": {"chat": 3, "user": 6, "message": "Hi", "time": "14:54:08.864"}}, {"model": "user.message", "pk": 11, "fields": {"chat": 5, "user": 9, "message": "hlooo", "time": "05:09:46.544"}}, {"model": "user.message", "pk": 12, "fields": {"chat": 1, "user": 4, "message": "hiii", "time": "04:46:11.071"}}, {"model": "user.message", "pk": 13, "fields": {"chat": 1, "user": 4, "message": "hiiiiiiiiiiiiii", "time": "04:46:18.822"}}, {"model": "user.message", "pk": 14, "fields": {"chat": 7, "user": 4, "message": "hi", "time": "05:57:00.371"}}, {"model": "user.message", "pk": 15, "fields": {"chat": 1, "user": 4, "message": "fvjkghkj", "time": "06:00:14.715"}}, {"model": "user.message", "pk": 16, "fields": {"chat": 1, "user": 4, "message": "ttttttttttttttttttttttttttttttttt", "time": "06:00:29.663"}}, {"model": "user.message", "pk": 17, "fields": {"chat": 9, "user": 12, "message": "hi", "time": "04:54:47.899"}}, {"model": "user.message", "pk": 18, "fields": {"chat": 9, "user": 9, "message": "jjuyu", "time": "10:03:54.266"}}, {"model": "user.message", "pk": 19, "fields": {"chat": 9, "user": 9, "message": "helloooo", "time": "10:05:37.446"}}, {"model": "user.message", "pk": 20, "fields": {"chat": 9, "user": 9, "message": "hlo", "time": "10:11:30.150"}}, {"model": "user.message", "pk": 21, "fields": {"chat": 5, "user": 9, "message": "hi", "time": "04:49:12.323"}}, {"model": "web.story", "pk": 1, "fields": {"name": "Rayyan & Shahana", "image": "Success Stories/2_oWbRv4O.png"}}, {"model": "web.story", "pk": 2, "fields": {"name": "Ashik & Sahla", "image": "Success Stories/4_9frjEAX.png"}}, {"model": "web.story", "pk": 3, "fields": {"name": "Nabeel & Rayyana", "image": "Success Stories/1_uT0JpBl_lr6m4Xj.png"}}, {"model": "web.testimonial", "pk": 2, "fields": {"name": "Mubashir", "image": "Testimonial/testi-3_Wfh7m5R_IXCPOAC.png", "description": "I never thought I would find my perfect partner, thanks to keralazawaj for giving me the best"}}, {"model": "web.testimonial", "pk": 3, "fields": {"name": "shahna", "image": "Testimonial/testi-4_QLubR76.png", "description": "Best site ever there many preference settings and more selections"}}, {"model": "web.testimonial", "pk": 4, "fields": {"name": "Ashik", "image": "Testimonial/testi-2_WdVvBj9_m5o0qid.png", "description": "My family needed a doctor for me, now we both started our own clinic and our new life"}}]